ligand_i	ligand_j	DDG(i->j) (kcal/mol)	uncertainty (kcal/mol)
1	2	-0.7233333333333333	0.11025223605694154
1	3	-1.6366666666666667	0.1319932658214889
1	4	-1.82	0.16573070526208067
1	5	-3.4466666666666668	0.23837412238374836
1	6	-2.59	0.0496655480858379
1	7	-3.2600000000000002	0.2353720459187963
1	8	-1.8800000000000001	0.09416297927883688
1	9	-4.096666666666667	0.20853989759489414
