ligand_i	ligand_j	DDG(i->j) (kcal/mol)	uncertainty (kcal/mol)
lig_1	lig_2	-1.2233333333333336	0.7099530500908724
lig_1	lig_3	-1.52	0.1039230484541327
lig_1	lig_4	-0.65	0.6148983655857285
lig_1	lig_5	-3.243333333333333	0.5033222956847162
lig_1	lig_6	-1.5566666666666664	1.5800421935294433
lig_1	lig_7	-1.81	0.5058655947976695
lig_1	lig_8	-1.113333333333333	0.9166424239218548
lig_1	lig_9	-3.626666666666667	1.2033841171186084
