,edge_run,ddG_mean,ddG_variance,ddG_standard_dev,num_run
0,edge_lig_1_lig_2,-1.2233333333333336,0.5040333333333328,0.7099530500908724,3
1,edge_lig_1_lig_3,-1.52,0.01080000000000002,0.10392304845413274,3
2,edge_lig_1_lig_4,-0.65,0.37810000000000027,0.6148983655857285,3
3,edge_lig_1_lig_5,-3.243333333333333,0.25333333333333286,0.5033222956847162,3
4,edge_lig_1_lig_6,-1.5566666666666664,2.496533333333335,1.5800421935294433,3
5,edge_lig_1_lig_7,-1.8099999999999998,0.25589999999999996,0.5058655947976695,3
6,edge_lig_1_lig_8,-1.113333333333333,0.8402333333333335,0.9166424239218549,3
7,edge_lig_1_lig_9,-3.626666666666667,1.4481333333333328,1.2033841171186084,3
